Metric,avg,min,max,sum,p1,p5,p10,p25,p50,p75,p90,p95,p99,std
Active Decode Throughput (tokens/sec),1070.01,0.00,22030.95,,,,,,1111.64,,1289.89,1319.95,1395.75,219.93
Active Decode Throughput Per User (tokens/sec/user),56.65,0.00,9376.79,,,,,,56.10,,60.05,61.92,74.05,12.83
Active Prefill Throughput (tokens/sec),23538.71,1060.86,58639.78,,,,,,23498.55,,35190.35,40628.66,47297.88,9119.55
Active Prefill Throughput Per User (tokens/sec/user),6812.73,1060.86,15070.02,,,,,,5196.39,,13829.09,14103.84,14582.13,3867.49
Active Total Throughput (tokens/sec),22357.21,63.65,59255.70,,,,,,22813.86,,35212.60,40198.90,47972.19,10955.17
Credit-to-Start Latency (ms),1.63,1.02,11.16,1075.81,1.12,1.21,1.28,1.37,1.50,1.63,1.80,2.00,5.18,0.82
Decode Duration (ms),3549.70,2793.29,4033.12,2339251.39,3128.96,3261.91,3365.61,3458.40,3548.29,3652.40,3749.29,3807.54,3950.28,163.21
E2E Output Token Throughput (tokens/sec/user),45.98,25.88,65.16,30302.64,27.63,37.94,39.55,42.21,46.20,50.43,52.29,53.17,56.16,5.53
Effective Concurrency,23.62,0.00,24.00,,,,,,24.00,,24.00,24.00,24.00,2.46
Effective Decode Concurrency,18.96,0.00,24.00,,,,,,20.00,,23.00,24.00,24.00,4.42
Effective Decode Throughput (tokens/sec),1063.07,0.00,22030.95,,,,,,1109.96,,1289.43,1319.61,1395.58,235.45
Effective Decode Throughput Per User (tokens/sec/user),56.28,0.00,9376.79,,,,,,56.08,,60.03,61.90,74.05,13.57
Effective Latency (CO-aware) (ms),4423.93,3071.21,7730.64,2915368.99,3563.06,3762.91,3828.59,3967.49,4331.41,4740.19,5058.86,5273.25,7241.81,623.58
Effective Prefill Concurrency,4.66,0.00,24.00,,,,,,3.00,,10.00,11.00,21.00,4.11
Effective Prefill Throughput (tokens/sec),21293.48,0.00,58639.78,,,,,,21813.73,,34314.71,39566.51,47297.88,11092.44
Effective Prefill Throughput Per User (tokens/sec/user),6162.90,0.00,15070.02,,,,,,4681.33,,13683.33,14058.10,14582.13,4187.55
Effective Total Throughput (tokens/sec),22356.55,0.00,59255.70,,,,,,22813.86,,35212.60,40198.90,47972.19,10955.68
HTTP Blocked (ms),0.00,0.00,0.00,0.00,0.00,0.00,0.00,0.00,0.00,0.00,0.00,0.00,0.00,0.00
HTTP Chunks Received,192.94,176.00,201.00,127145.00,179.00,182.00,183.00,186.00,196.00,199.00,200.00,200.00,201.00,6.91
HTTP Chunks Sent,1.00,1.00,1.00,659.00,1.00,1.00,1.00,1.00,1.00,1.00,1.00,1.00,1.00,0.00
HTTP Connecting (ms),0.00,0.00,0.00,0.00,0.00,0.00,0.00,0.00,0.00,0.00,0.00,0.00,0.00,0.00
HTTP Connection Overhead (ms),0.00,0.00,0.00,0.00,0.00,0.00,0.00,0.00,0.00,0.00,0.00,0.00,0.00,0.00
HTTP Connection Reused (ratio),1.00,1.00,1.00,659.00,1.00,1.00,1.00,1.00,1.00,1.00,1.00,1.00,1.00,0.00
HTTP Data Received (KB),49.45,49.22,49.75,32585.15,49.28,49.30,49.32,49.35,49.39,49.58,49.62,49.64,49.68,0.12
HTTP Data Sent (KB),17.14,15.16,18.55,11294.29,15.78,16.32,16.54,16.83,17.14,17.45,17.78,18.01,18.35,0.51
HTTP DNS Lookup (ms),0.00,0.00,0.00,0.00,0.00,0.00,0.00,0.00,0.00,0.00,0.00,0.00,0.00,0.00
HTTP Duration (excl. conn) (ms),4422.21,3069.47,7728.89,2914236.56,3561.46,3761.34,3824.83,3965.74,4329.39,4737.80,5057.19,5271.80,7240.13,623.61
HTTP Receiving (ms),3549.82,2793.39,4033.23,2339330.44,3129.27,3262.02,3365.71,3458.49,3548.40,3652.49,3749.41,3807.66,3950.38,163.21
HTTP Sending (ms),0.18,0.12,1.55,121.85,0.13,0.13,0.14,0.14,0.16,0.18,0.20,0.21,0.73,0.12
HTTP Total Time (ms),4422.21,3069.47,7728.89,2914236.56,3561.46,3761.34,3824.83,3965.74,4329.39,4737.80,5057.19,5271.80,7240.13,623.61
HTTP Waiting (TTFB) (ms),872.21,264.22,3757.07,574784.27,273.01,282.11,288.99,444.78,834.38,1153.89,1395.90,1581.24,3356.01,536.10
Input Sequence Length (tokens),3986.00,3986.00,3987.00,2626775.00,3986.00,3986.00,3986.00,3986.00,3986.00,3986.00,3986.00,3986.00,3986.00,0.04
Inter Chunk Latency (ms),17.89,0.00,44.97,2339251.39,0.00,13.47,16.09,17.63,18.64,19.61,20.21,21.03,22.19,4.10
Inter Token Latency (ms),17.84,14.04,20.27,11755.03,15.72,16.39,16.91,17.38,17.83,18.35,18.84,19.13,19.85,0.82
OSL Mismatch Diff % (%),0.00,0.00,0.00,0.00,0.00,0.00,0.00,0.00,0.00,0.00,0.00,0.00,0.00,0.00
Output Sequence Length (tokens),200.00,200.00,200.00,131800.00,200.00,200.00,200.00,200.00,200.00,200.00,200.00,200.00,200.00,0.00
Output Token Count (tokens),200.00,200.00,200.00,131800.00,200.00,200.00,200.00,200.00,200.00,200.00,200.00,200.00,200.00,0.00
Output Token Throughput Per User (tokens/sec/user),56.18,49.34,71.24,37024.25,50.38,52.26,53.08,54.48,56.08,57.54,59.13,61.01,63.60,2.65
Prefill Throughput Per User (tokens/sec/user),6454.11,1060.86,15070.03,4253259.84,1189.95,2520.36,2854.95,3453.77,4775.61,8956.98,13780.92,14117.86,14586.79,3879.37
Request Latency (ms),4422.19,3069.46,7728.86,2914220.53,3561.44,3761.33,3824.98,3965.54,4329.35,4737.77,5057.16,5271.78,7240.12,623.61
Time to First Output Token (ms),872.49,264.50,3757.35,574969.15,273.26,282.34,289.24,445.02,834.66,1154.10,1396.17,1581.52,3356.29,536.09
Time to First Token (ms),872.49,264.50,3757.35,574969.15,273.26,282.34,289.24,445.02,834.66,1154.10,1396.17,1581.52,3356.29,536.09
Time to Second Token (ms),0.12,0.00,42.85,81.95,0.00,0.00,0.00,0.00,0.00,0.00,0.00,0.00,0.00,2.26
Tokens In Flight (tokens),96134.26,0.00,98868.89,,,,,,97638.92,,98273.40,98402.40,98598.60,9967.75

Metric,Value
Benchmark Duration (sec),123.36
Good Request Count,650.00
GoodRequestFraction (ratio),0.99
Goodput (requests/sec),5.27
Input Token Throughput (tokens/sec),21293.48
OSL Mismatch Count,0.00
Output Token Throughput (tokens/sec),1068.41
Request Count,659.00
Request Throughput (requests/sec),5.34
Total Input Sequence Length (tokens),2626775.00
Total Output Sequence Length (tokens),131800.00
Total Output Tokens (tokens),131800.00
Total Token Throughput (tokens/sec),22361.89


Endpoint,GPU_Index,GPU_Name,GPU_UUID,Platform,Metric,avg,min,max,sum,p1,p5,p10,p25,p50,p75,p90,p95,p99,std
